ValueID,Value,Unit,Currency,year,Currency.xe,Code,usd_per_unit
1384,1253575,VND/ha/yr,Vietnamese Dong,2005,Vietnamese Dong,VND,6.30E-05
1385,72456.8,VND/ha/yr,Vietnamese Dong,2005,Vietnamese Dong,VND,6.30E-05
1386,142234.5,VND/ha/yr,Vietnamese Dong,2005,Vietnamese Dong,VND,6.30E-05
1387,1977089.7,VND/ha/yr,Vietnamese Dong,2005,Vietnamese Dong,VND,6.30E-05
1388,3649.8,VND/ha/yr,Vietnamese Dong,2005,Vietnamese Dong,VND,6.30E-05
1389,77201.6,VND/ha/yr,Vietnamese Dong,2005,Vietnamese Dong,VND,6.30E-05
1390,670000,VND/ha/yr,Vietnamese Dong,2002,Vietnamese Dong,VND,6.59E-05
1391,44020000,VND/yr,Vietnamese Dong,2002,Vietnamese Dong,VND,6.59E-05
1392,35000,VND/ha/yr,Vietnamese Dong,2002,Vietnamese Dong,VND,6.59E-05
1393,3466.666667,VND/ha/yr,Vietnamese Dong,2002,Vietnamese Dong,VND,6.59E-05
1394,165371,VND/ha/yr,Vietnamese Dong,2002,Vietnamese Dong,VND,6.59E-05
1395,42816857,VND/ha/yr,Vietnamese Dong,2002,Vietnamese Dong,VND,6.59E-05
1116,335342.4658,Riel/ha/yr,Cambodian Riel,2005,Cambodian Riel,KHR,2.44E-04
1117,335342.4658,Riel/ha/yr,Cambodian Riel,2005,Cambodian Riel,KHR,2.44E-04
1118,335342.4658,Riel/ha/yr,Cambodian Riel,2005,Cambodian Riel,KHR,2.44E-04
1119,268273.9726,Riel/ha/yr,Cambodian Riel,2005,Cambodian Riel,KHR,2.44E-04
1120,201205.4795,Riel/ha/yr,Cambodian Riel,2005,Cambodian Riel,KHR,2.44E-04
1121,201205.4795,Riel/ha/yr,Cambodian Riel,2005,Cambodian Riel,KHR,2.44E-04
1122,134136.9863,Riel/ha/yr,Cambodian Riel,2005,Cambodian Riel,KHR,2.44E-04
1123,134136.9863,Riel/ha/yr,Cambodian Riel,2005,Cambodian Riel,KHR,2.44E-04
1124,134136.9863,Riel/ha/yr,Cambodian Riel,2005,Cambodian Riel,KHR,2.44E-04
1125,134136.9863,Riel/ha/yr,Cambodian Riel,2005,Cambodian Riel,KHR,2.44E-04
1126,134136.9863,Riel/ha/yr,Cambodian Riel,2005,Cambodian Riel,KHR,2.44E-04
1127,67068.49315,Riel/ha/yr,Cambodian Riel,2005,Cambodian Riel,KHR,2.44E-04
1128,67068.49315,Riel/ha/yr,Cambodian Riel,2005,Cambodian Riel,KHR,2.44E-04
1129,67068.49315,Riel/ha/yr,Cambodian Riel,2005,Cambodian Riel,KHR,2.44E-04
1141,101072.6122,UGX/ha/yr,Uganda Shilling,2001,Ugandan Shilling,UGX,5.68E-04
1142,22331.25,UGX/ha/yr,Uganda Shilling,2001,Ugandan Shilling,UGX,5.68E-04
1143,724637.6812,UGX/ha/yr,Uganda Shilling,2001,Ugandan Shilling,UGX,5.68E-04
1144,9688.35443,EUR/ha/yr,Uganda Shilling,2001,Ugandan Shilling,UGX,5.68E-04
1145,46316.73699,UGX/ha/yr,Uganda Shilling,2001,Ugandan Shilling,UGX,5.68E-04
1146,13028.41069,UGX/ha/yr,Uganda Shilling,2001,Ugandan Shilling,UGX,5.68E-04
1147,10500,UGX/ha/yr,Uganda Shilling,2001,Ugandan Shilling,UGX,5.68E-04
1327,180000,MNT/ha/yr,Mongolian Tugrik,2009,Mongolian Tughrik,MNT,7.07E-04
1328,56000,MNT/ha/yr,Mongolian Tugrik,2009,Mongolian Tughrik,MNT,7.07E-04
1329,1.37E+12,MNT,Mongolian Tugrik,2009,Mongolian Tughrik,MNT,7.07E-04
231,3603.846154,UGX/ha/yr,Uganda Shilling,1999,Ugandan Shilling,UGX,7.08E-04
232,4157.692308,UGX/ha/yr,Uganda Shilling,1999,Ugandan Shilling,UGX,7.08E-04
233,1103.846154,UGX/ha/yr,Uganda Shilling,1999,Ugandan Shilling,UGX,7.08E-04
234,876.9230769,UGX/ha/yr,Uganda Shilling,1999,Ugandan Shilling,UGX,7.08E-04
235,30.76923077,UGX/ha/yr,Uganda Shilling,1999,Ugandan Shilling,UGX,7.08E-04
236,19.23076923,UGX/ha/yr,Uganda Shilling,1999,Ugandan Shilling,UGX,7.08E-04
237,115.3846154,UGX/ha/yr,Uganda Shilling,1999,Ugandan Shilling,UGX,7.08E-04
525,27571.2,UGX/ha/yr,Uganda Shilling,1999,Ugandan Shilling,UGX,7.08E-04
526,13249.8,UGX/ha/yr,Uganda Shilling,1999,Ugandan Shilling,UGX,7.08E-04
527,6082.743549,UGX/ha/yr,Uganda Shilling,1999,Ugandan Shilling,UGX,7.08E-04
528,116055.721,UGX/ha/yr,Uganda Shilling,1999,Ugandan Shilling,UGX,7.08E-04
529,13476.67804,UGX/ha/yr,Uganda Shilling,1999,Ugandan Shilling,UGX,7.08E-04
1273,2716,KRW,South-Korean Won,2009,South Korean Won,KRW,7.95E-04
1148,533.452336,TZS/ha/yr,Tanzanian Shilling,2008,Tanzanian Shilling,TZS,8.64E-04
1149,978.6825032,TZS/ha/yr,Tanzanian Shilling,2008,Tanzanian Shilling,TZS,8.64E-04
1150,220.898699,TZS/ha/yr,Tanzanian Shilling,2008,Tanzanian Shilling,TZS,8.64E-04
1151,348.9409907,TZS/ha/yr,Tanzanian Shilling,2008,Tanzanian Shilling,TZS,8.64E-04
1152,365.075006,TZS/ha/yr,Tanzanian Shilling,2008,Tanzanian Shilling,TZS,8.64E-04
1153,20.42497683,TZS/ha/yr,Tanzanian Shilling,2008,Tanzanian Shilling,TZS,8.64E-04
1154,330.2323985,TZS/ha/yr,Tanzanian Shilling,2008,Tanzanian Shilling,TZS,8.64E-04
1155,6.350623048,TZS/ha/yr,Tanzanian Shilling,2008,Tanzanian Shilling,TZS,8.64E-04
1156,88.22216882,TZS/ha/yr,Tanzanian Shilling,2008,Tanzanian Shilling,TZS,8.64E-04
1157,9.26847688,TZS/ha/yr,Tanzanian Shilling,2008,Tanzanian Shilling,TZS,8.64E-04
1158,66.08080739,TZS/ha/yr,Tanzanian Shilling,2008,Tanzanian Shilling,TZS,8.64E-04
79,7125,XOF/ha/yr,West African CFA Franc (BCEAO),2006,Central African CFA Franc BEAC,XAF,0.001923402
213,177419.3548,KZT/ha/yr,Kazakhstan Tenge,2005,Kazakhstani Tenge,KZT,0.0074985
1263,51245910000,JPY/ha,Japanese Yen,2003,Japanese Yen,JPY,0.008493997
1264,20000000000,JPY/ha,Japanese Yen,2003,Japanese Yen,JPY,0.008493997
43,158249.6741,LKR/ha/yr,Sri Lanka Rupee,2003,Sri Lankan Rupee,LKR,0.010340834
44,54312.25554,LKR/ha/yr,Sri Lanka Rupee,2003,Sri Lankan Rupee,LKR,0.010340834
45,9872.881356,LKR/ha/yr,Sri Lanka Rupee,2003,Sri Lankan Rupee,LKR,0.010340834
46,2040.41721,LKR/ha/yr,Sri Lanka Rupee,2003,Sri Lankan Rupee,LKR,0.010340834
47,2594.52412,LKR/ha/yr,Sri Lanka Rupee,2003,Sri Lankan Rupee,LKR,0.010340834
48,1720.990874,LKR/ha/yr,Sri Lanka Rupee,2003,Sri Lankan Rupee,LKR,0.010340834
49,1232.073012,LKR/ha/yr,Sri Lanka Rupee,2003,Sri Lankan Rupee,LKR,0.010340834
50,254.2372881,LKR/ha/yr,Sri Lanka Rupee,2003,Sri Lankan Rupee,LKR,0.010340834
227,0.071983385,NPR/ha/yr,Nepalese Rupee,2003,Nepalese Rupee,NPR,0.013491635
228,2.100228453,NPR/ha/yr,Nepalese Rupee,2003,Nepalese Rupee,NPR,0.013491635
1255,#REF!,PHP/ha/yr,Philippine Peso,2005,Philippine Piso,PHP,0.018106102
1256,#REF!,PHP/ha/yr,Philippine Peso,2005,Philippine Piso,PHP,0.018106102
1257,1700000000,PHP,Philippine Peso,2005,Philippine Piso,PHP,0.018106102
1258,1000000000,PHP,Philippine Peso,2005,Philippine Piso,PHP,0.018106102
1401,62692.79398,PKR/ha/yr,Pakistan Rupee,1999,Pakistani Rupee,PKR,0.019286403
1402,10.54317967,PKR/ha/yr,Pakistan Rupee,1999,Pakistani Rupee,PKR,0.019286403
89,29816.86313,INR/ha/yr,Indian Rupee,2001,Indian Rupee,INR,0.021312873
90,2299.3375,INR/ha/yr,Indian Rupee,2001,Indian Rupee,INR,0.021312873
91,3886.21125,INR/ha/yr,Indian Rupee,2001,Indian Rupee,INR,0.021312873
92,15146.54875,INR/ha/yr,Indian Rupee,2001,Indian Rupee,INR,0.021312873
559,73998,INR/ha/yr,Indian Rupee,2006,Indian Rupee,INR,0.021788866
560,1354,INR/ha/yr,Indian Rupee,2006,Indian Rupee,INR,0.021788866
607,85182,THB/ha,Thai Baht,1998,Thai Baht,THB,0.022909881
608,19758,THB/ha,Thai Baht,1998,Thai Baht,THB,0.022909881
609,1967,THB/ha,Thai Baht,1998,Thai Baht,THB,0.022909881
656,77775,THB/ha/yr,Thai Baht,1998,Thai Baht,THB,0.022909881
657,3513.526875,THB/ha/yr,Thai Baht,1998,Thai Baht,THB,0.022909881
1406,2136.8125,THB/ha/yr,Thai Baht,1998,Thai Baht,THB,0.022909881
58,9468.900906,INR/ha/yr,Indian Rupee,2005,Indian Rupee,INR,0.022940852
568,1490,PHP/ha/yr,Philippine Peso,1999,Philippine Piso,PHP,0.026595762
569,3455.284553,PHP/ha/yr,Philippine Peso,1999,Philippine Piso,PHP,0.026595762
570,567299.0063,PHP/ha/yr,Philippine Peso,1999,Philippine Piso,PHP,0.026595762
60,24077.6699,INR/ha/yr,Indian Rupee,1997,Indian Rupee,INR,0.027951163
794,1724.233458,CNY/ha/yr,Chinese Yuan/Renminbi,2001,Chinese Yuan Renminbi,CNY,0.120962864
795,934.5167913,CNY/ha/yr,Chinese Yuan/Renminbi,2001,Chinese Yuan Renminbi,CNY,0.120962864
796,13.16726618,CNY/ha/yr,Chinese Yuan/Renminbi,2001,Chinese Yuan Renminbi,CNY,0.120962864
797,91.27309509,CNY/ha/yr,Chinese Yuan/Renminbi,2001,Chinese Yuan Renminbi,CNY,0.120962864
798,259.6943997,CNY/ha/yr,Chinese Yuan/Renminbi,2001,Chinese Yuan Renminbi,CNY,0.120962864
799,3053.070068,CNY/ha/yr,Chinese Yuan/Renminbi,2001,Chinese Yuan Renminbi,CNY,0.120962864
133,28.37079733,CNY/ha/yr,Chinese Yuan/Renminbi,2003,Chinese Yuan Renminbi,CNY,0.121418164
52,263,USD/ha/yr,South African Rand,2008,South African Rand,ZAR,0.123736268
53,65,USD/ha/yr,South African Rand,2008,South African Rand,ZAR,0.123736268
54,66,USD/ha/yr,South African Rand,2008,South African Rand,ZAR,0.123736268
55,33,USD/ha/yr,South African Rand,2008,South African Rand,ZAR,0.123736268
56,2,USD/ha/yr,South African Rand,2008,South African Rand,ZAR,0.123736268
57,2,USD/ha/yr,South African Rand,2008,South African Rand,ZAR,0.123736268
1130,2727.272727,DKK/ha,Danish Krone,2002,Danish Krone,DKK,0.127010059
1131,1400,DKK/ha/yr,Danish Krone,2002,Danish Krone,DKK,0.127010059
1132,103.4482759,DKK/ha/yr,Danish Krone,2002,Danish Krone,DKK,0.127010059
1134,600,DKK/ha/yr,Danish Krone,2002,Danish Krone,DKK,0.127010059
1135,400,DKK/ha/yr,Danish Krone,2002,Danish Krone,DKK,0.127010059
1136,400,DKKha/yr,Danish Krone,2002,Danish Krone,DKK,0.127010059
1137,#REF!,DKK/ha/yr,Danish Krone,2002,Danish Krone,DKK,0.127010059
1138,1818.181818,DKK/ha/yr,Danish Krone,2002,Danish Krone,DKK,0.127010059
1139,1207,DKK/ha/yr,Danish Krone,2002,Danish Krone,DKK,0.127010059
205,21870.99174,ZAR/ha/yr,South African Rand,2003,South African Rand,ZAR,0.12815914
206,26.03305785,ZAR/ha/yr,South African Rand,2003,South African Rand,ZAR,0.12815914
207,0.221323532,ZAR/ha/yr,South African Rand,2003,South African Rand,ZAR,0.12815914
208,21.5,ZAR/ha/yr,South African Rand,2003,South African Rand,ZAR,0.12815914
209,476,ZAR/ha/yr,South African Rand,2003,South African Rand,ZAR,0.12815914
210,1037.094197,ZAR/ha/yr,South African Rand,2003,South African Rand,ZAR,0.12815914
211,1.953267993,ZAR/ha/yr,South African Rand,2003,South African Rand,ZAR,0.12815914
212,81.50326877,ZAR/ha/yr,South African Rand,2003,South African Rand,ZAR,0.12815914
83,7397,CNY/ha/yr,Chinese Yuan/Renminbi,2007,Chinese Yuan Renminbi,CNY,0.131138942
85,1708,CNY/ha/yr,Chinese Yuan/Renminbi,2007,Chinese Yuan Renminbi,CNY,0.131138942
86,2288,CNY/ha/yr,Chinese Yuan/Renminbi,2007,Chinese Yuan Renminbi,CNY,0.131138942
87,398,CNY/ha/yr,Chinese Yuan/Renminbi,2007,Chinese Yuan Renminbi,CNY,0.131138942
88,1054,CNY/ha/yr,Chinese Yuan/Renminbi,2007,Chinese Yuan Renminbi,CNY,0.131138942
1259,1307464,SEK/ha,Swedish Krona,2004,Swedish Krona,SEK,0.132431112
1260,386188.8889,SEK/ha,Swedish Krona,2004,Swedish Krona,SEK,0.132431112
1261,409823.4286,SEK/ha,Swedish Krona,2004,Swedish Krona,SEK,0.132431112
1262,817072,SEK,Swedish Krona,2004,Swedish Krona,SEK,0.132431112
336,65,SEK/ha/yr,Swedish Krona,2006,Swedish Krona,SEK,0.135913508
1362,41000,SEK/ha,Swedish Krona,2006,Swedish Krona,SEK,0.135913508
507,1000,DKK/ha/yr,Danish Krone,1998,Danish Krone,DKK,0.144815418
684,290.4,CNY/ha/yr,Chinese Yuan/Renminbi,2008,Chinese Yuan Renminbi,CNY,0.144876305
685,48.4,CNY/ha/yr,Chinese Yuan/Renminbi,2008,Chinese Yuan Renminbi,CNY,0.144876305
686,774.5,CNY/ha/yr,Chinese Yuan/Renminbi,2008,Chinese Yuan Renminbi,CNY,0.144876305
687,774.5,CNY/ha/yr,Chinese Yuan/Renminbi,2008,Chinese Yuan Renminbi,CNY,0.144876305
688,871.3,CNY/ha/yr,Chinese Yuan/Renminbi,2008,Chinese Yuan Renminbi,CNY,0.144876305
689,1887.8,CNY/ha/yr,Chinese Yuan/Renminbi,2008,Chinese Yuan Renminbi,CNY,0.144876305
690,1268.2,CNY/ha/yr,Chinese Yuan/Renminbi,2008,Chinese Yuan Renminbi,CNY,0.144876305
691,1055.2,CNY/ha/yr,Chinese Yuan/Renminbi,2008,Chinese Yuan Renminbi,CNY,0.144876305
692,38.7,CNY/ha/yr,Chinese Yuan/Renminbi,2008,Chinese Yuan Renminbi,CNY,0.144876305
693,7009,CNY/ha/yr,Chinese Yuan/Renminbi,2008,Chinese Yuan Renminbi,CNY,0.144876305
694,193.6,CNY/ha/yr,Chinese Yuan/Renminbi,2008,Chinese Yuan Renminbi,CNY,0.144876305
695,1282.7,CNY/ha/yr,Chinese Yuan/Renminbi,2008,Chinese Yuan Renminbi,CNY,0.144876305
696,968.1,CNY/ha/yr,Chinese Yuan/Renminbi,2008,Chinese Yuan Renminbi,CNY,0.144876305
697,96.8,CNY/ha/yr,Chinese Yuan/Renminbi,2008,Chinese Yuan Renminbi,CNY,0.144876305
698,1936.2,CNY/ha/yr,Chinese Yuan/Renminbi,2008,Chinese Yuan Renminbi,CNY,0.144876305
699,580.9,CNY/ha/yr,Chinese Yuan/Renminbi,2008,Chinese Yuan Renminbi,CNY,0.144876305
700,3388.3,CNY/ha/yr,Chinese Yuan/Renminbi,2008,Chinese Yuan Renminbi,CNY,0.144876305
701,2081.4,CNY/ha/yr,Chinese Yuan/Renminbi,2008,Chinese Yuan Renminbi,CNY,0.144876305
702,484,CNY/ha/yr,Chinese Yuan/Renminbi,2008,Chinese Yuan Renminbi,CNY,0.144876305
703,1742.6,CNY/ha/yr,Chinese Yuan/Renminbi,2008,Chinese Yuan Renminbi,CNY,0.144876305
704,861.6,CNY/ha/yr,Chinese Yuan/Renminbi,2008,Chinese Yuan Renminbi,CNY,0.144876305
705,2831.7,CNY/ha/yr,Chinese Yuan/Renminbi,2008,Chinese Yuan Renminbi,CNY,0.144876305
706,1413.4,CNY/ha/yr,Chinese Yuan/Renminbi,2008,Chinese Yuan Renminbi,CNY,0.144876305
707,1268.2,CNY/ha/yr,Chinese Yuan/Renminbi,2008,Chinese Yuan Renminbi,CNY,0.144876305
708,1587.7,CNY/ha/yr,Chinese Yuan/Renminbi,2008,Chinese Yuan Renminbi,CNY,0.144876305
709,2105.6,CNY/ha/yr,Chinese Yuan/Renminbi,2008,Chinese Yuan Renminbi,CNY,0.144876305
710,687.3,CNY/ha/yr,Chinese Yuan/Renminbi,2008,Chinese Yuan Renminbi,CNY,0.144876305
711,638.9,CNY/ha/yr,Chinese Yuan/Renminbi,2008,Chinese Yuan Renminbi,CNY,0.144876305
712,9.7,CNY/ha/yr,Chinese Yuan/Renminbi,2008,Chinese Yuan Renminbi,CNY,0.144876305
713,14080.9,CNY/ha/yr,Chinese Yuan/Renminbi,2008,Chinese Yuan Renminbi,CNY,0.144876305
714,6689.5,CNY/ha/yr,Chinese Yuan/Renminbi,2008,Chinese Yuan Renminbi,CNY,0.144876305
715,2613.9,CNY/ha/yr,Chinese Yuan/Renminbi,2008,Chinese Yuan Renminbi,CNY,0.144876305
716,3097.9,CNY/ha/yr,Chinese Yuan/Renminbi,2008,Chinese Yuan Renminbi,CNY,0.144876305
717,3775.6,CNY/ha/yr,Chinese Yuan/Renminbi,2008,Chinese Yuan Renminbi,CNY,0.144876305
718,1268.2,CNY/ha/yr,Chinese Yuan/Renminbi,2008,Chinese Yuan Renminbi,CNY,0.144876305
719,3156,CNY/ha/yr,Chinese Yuan/Renminbi,2008,Chinese Yuan Renminbi,CNY,0.144876305
720,96.8,CNY/ha/yr,Chinese Yuan/Renminbi,2008,Chinese Yuan Renminbi,CNY,0.144876305
721,2517,CNY/ha/yr,Chinese Yuan/Renminbi,2008,Chinese Yuan Renminbi,CNY,0.144876305
722,1239.2,CNY/ha/yr,Chinese Yuan/Renminbi,2008,Chinese Yuan Renminbi,CNY,0.144876305
723,21152.8,CNY/ha/yr,Chinese Yuan/Renminbi,2008,Chinese Yuan Renminbi,CNY,0.144876305
724,290.4,CNY/ha/yr,Chinese Yuan/Renminbi,2008,Chinese Yuan Renminbi,CNY,0.144876305
725,67.8,CNY/ha/yr,Chinese Yuan/Renminbi,2008,Chinese Yuan Renminbi,CNY,0.144876305
726,96.8,CNY/ha/yr,Chinese Yuan/Renminbi,2008,Chinese Yuan Renminbi,CNY,0.144876305
727,9.7,CNY/ha/yr,Chinese Yuan/Renminbi,2008,Chinese Yuan Renminbi,CNY,0.144876305
728,15005.4,CNY/ha/yr,Chinese Yuan/Renminbi,2008,Chinese Yuan Renminbi,CNY,0.144876305
729,19749.1,CNY/ha/yr,Chinese Yuan/Renminbi,2008,Chinese Yuan Renminbi,CNY,0.144876305
730,1742.6,CNY/ha/yr,Chinese Yuan/Renminbi,2008,Chinese Yuan Renminbi,CNY,0.144876305
731,16554.4,CNY/ha/yr,Chinese Yuan/Renminbi,2008,Chinese Yuan Renminbi,CNY,0.144876305
732,445.3,CNY/ha/yr,Chinese Yuan/Renminbi,2008,Chinese Yuan Renminbi,CNY,0.144876305
733,1655.4,CNY/ha/yr,Chinese Yuan/Renminbi,2008,Chinese Yuan Renminbi,CNY,0.144876305
734,9.7,CNY/ha/yr,Chinese Yuan/Renminbi,2008,Chinese Yuan Renminbi,CNY,0.144876305
735,17599.9,CNY/ha/yr,Chinese Yuan/Renminbi,2008,Chinese Yuan Renminbi,CNY,0.144876305
736,17619.3,CNY/ha/yr,Chinese Yuan/Renminbi,2008,Chinese Yuan Renminbi,CNY,0.144876305
737,2420.2,CNY/ha/yr,Chinese Yuan/Renminbi,2008,Chinese Yuan Renminbi,CNY,0.144876305
738,2410.6,CNY/ha/yr,Chinese Yuan/Renminbi,2008,Chinese Yuan Renminbi,CNY,0.144876305
739,5372.9,CNY/ha/yr,Chinese Yuan/Renminbi,2008,Chinese Yuan Renminbi,CNY,0.144876305
740,4201.5,CNY/ha/yr,Chinese Yuan/Renminbi,2008,Chinese Yuan Renminbi,CNY,0.144876305
741,60709.1,CNY/ha/yr,Chinese Yuan/Renminbi,2008,Chinese Yuan Renminbi,CNY,0.144876305
742,44542,CNY/ha/yr,Chinese Yuan/Renminbi,2008,Chinese Yuan Renminbi,CNY,0.144876305
326,12826.99,BWP/ha,Botswana Pula,2002,Botswana Pula,BWP,0.158199323
327,50.995,BWP/ha,Botswana Pula,2002,Botswana Pula,BWP,0.158199323
308,3.65,BWP/ha/yr,Botswana Pula,1998,Botswana Pula,NA,0.21659086
172,13.32,WST/ha/yr,Samoan Tala,2001,Samoan Tala,WST,0.292997363
173,0.3,WST/ha/yr,Samoan Tala,2001,Samoan Tala,WST,0.292997363
174,3.78,WST/ha/yr,Samoan Tala,2001,Samoan Tala,WST,0.292997363
175,1.25,WST/ha/yr,Samoan Tala,2001,Samoan Tala,WST,0.292997363
176,1.67,WST/ha/yr,Samoan Tala,2001,Samoan Tala,WST,0.292997363
177,4.84,WST/ha/yr,Samoan Tala,2001,Samoan Tala,WST,0.292997363
178,0.91,WST/ha/yr,Samoan Tala,2001,Samoan Tala,WST,0.292997363
179,9.39,WST/ha/yr,Samoan Tala,2001,Samoan Tala,WST,0.292997363
180,2.12,WST/ha/yr,Samoan Tala,2001,Samoan Tala,WST,0.292997363
181,0.15,WST/ha/yr,Samoan Tala,2001,Samoan Tala,WST,0.292997363
182,5.8,WST/ha/yr,Samoan Tala,2001,Samoan Tala,WST,0.292997363
183,9.4,WST/ha/yr,Samoan Tala,2001,Samoan Tala,WST,0.292997363
184,0.76,WST/ha/yr,Samoan Tala,2001,Samoan Tala,WST,0.292997363
185,34.1,WST/ha/yr,Samoan Tala,2001,Samoan Tala,WST,0.292997363
186,8.78,WST/ha/yr,Samoan Tala,2001,Samoan Tala,WST,0.292997363
187,0.06,WST/ha/yr,Samoan Tala,2001,Samoan Tala,WST,0.292997363
188,0.79,WST/ha/yr,Samoan Tala,2001,Samoan Tala,WST,0.292997363
189,0.44,WST/ha/yr,Samoan Tala,2001,Samoan Tala,WST,0.292997363
190,9.84,WST/ha/yr,Samoan Tala,2001,Samoan Tala,WST,0.292997363
191,0.003,WST/ha/yr,Samoan Tala,2001,Samoan Tala,WST,0.292997363
192,0.11,WST/ha/yr,Samoan Tala,2001,Samoan Tala,WST,0.292997363
193,5.8,WST/ha/yr,Samoan Tala,2001,Samoan Tala,WST,0.292997363
194,9.4,WST/ha/yr,Samoan Tala,2001,Samoan Tala,WST,0.292997363
195,0.76,WST/ha/yr,Samoan Tala,2001,Samoan Tala,WST,0.292997363
196,9.84,WST/ha/yr,Samoan Tala,2001,Samoan Tala,WST,0.292997363
197,2.79100871,WST/ha/yr,Samoan Tala,2001,Samoan Tala,WST,0.292997363
198,2.505965799,WST/ha/yr,Samoan Tala,2001,Samoan Tala,WST,0.292997363
199,12.03704415,WST/ha/yr,Samoan Tala,2001,Samoan Tala,WST,0.292997363
200,1.072990876,WST/ha/yr,Samoan Tala,2001,Samoan Tala,WST,0.292997363
628,1589.85,PEN/ha/yr,Peruvian Nuevo Sol,2006,Peruvian Sol,PEN,0.306353777
629,1476.52,PEN/ha/yr,Peruvian Nuevo Sol,2006,Peruvian Sol,PEN,0.306353777
630,690.2,PEN/ha/yr,Peruvian Nuevo Sol,2006,Peruvian Sol,PEN,0.306353777
631,322.06,PEN/ha/yr,Peruvian Nuevo Sol,2006,Peruvian Sol,PEN,0.306353777
632,235.58,PEN/ha/yr,Peruvian Nuevo Sol,2006,Peruvian Sol,PEN,0.306353777
633,188.97,PEN/ha/yr,Peruvian Nuevo Sol,2006,Peruvian Sol,PEN,0.306353777
634,39.71,PEN/ha/yr,Peruvian Nuevo Sol,2006,Peruvian Sol,PEN,0.306353777
1413,16,PEN/ha/yr,Peruvian Nuevo Sol,2006,Peruvian Sol,PEN,0.306353777
62,85,AUD/ha/yr,Australian Dollar,2001,Australian Dollar,AUD,0.525993419
595,18,AUD/ha/yr,Australian Dollar,2001,Australian Dollar,AUD,0.525993419
596,2812,AUD/ha/yr,Australian Dollar,2001,Australian Dollar,AUD,0.525993419
1097,3.68,AUD/household,Australian Dollar,2.00E+03,Australian Dollar,AUD,0.601220517
74,39.77272727,NZD/ha/yr,New Zealand Dollar,2006,New Zealand Dollar,NZD,0.621584147
75,909.0909091,NZD/ha,New Zealand Dollar,2006,New Zealand Dollar,NZD,0.621584147
76,568.1818182,NZD/ha,New Zealand Dollar,2006,New Zealand Dollar,NZD,0.621584147
77,1409.090909,NZD/ha,New Zealand Dollar,2006,New Zealand Dollar,NZD,0.621584147
484,5.635,AUD/ha/yr,Australian Dollar,2004,Australian Dollar,AUD,0.695820081
485,17.13,AUD/ha/yr,Australian Dollar,2004,Australian Dollar,AUD,0.695820081
486,10.15,AUD/ha/yr,Australian Dollar,2004,Australian Dollar,AUD,0.695820081
487,16.195,AUD/ha/yr,Australian Dollar,2004,Australian Dollar,AUD,0.695820081
488,15.955,AUD/ha/yr,Australian Dollar,2004,Australian Dollar,AUD,0.695820081
489,2.58,AUD/ha/yr,Australian Dollar,2004,Australian Dollar,AUD,0.695820081
490,17.13,AUD/ha/yr,Australian Dollar,2004,Australian Dollar,AUD,0.695820081
491,13.61,AUD/ha/yr,Australian Dollar,2004,Australian Dollar,AUD,0.695820081
492,14.835,AUD/ha/yr,Australian Dollar,2004,Australian Dollar,AUD,0.695820081
493,12.91,AUD/ha/yr,Australian Dollar,2004,Australian Dollar,AUD,0.695820081
494,5.9,AUD/ha/yr,Australian Dollar,2004,Australian Dollar,AUD,0.695820081
495,234.465,AUD/ha/yr,Australian Dollar,2004,Australian Dollar,AUD,0.695820081
496,6.81,AUD/ha/yr,Australian Dollar,2004,Australian Dollar,AUD,0.695820081
497,11.97,AUD/ha/yr,Australian Dollar,2004,Australian Dollar,AUD,0.695820081
498,2.345,AUD/ha/yr,Australian Dollar,2004,Australian Dollar,AUD,0.695820081
499,9.155,AUD/ha/yr,Australian Dollar,2004,Australian Dollar,AUD,0.695820081
500,8.45,AUD/ha/yr,Australian Dollar,2004,Australian Dollar,AUD,0.695820081
501,20.185,AUD/ha/yr,Australian Dollar,2004,Australian Dollar,AUD,0.695820081
502,23.235,AUD/ha/yr,Australian Dollar,2004,Australian Dollar,AUD,0.695820081
503,7.745,AUD/ha/yr,Australian Dollar,2004,Australian Dollar,AUD,0.695820081
504,12.675,AUD/ha/yr,Australian Dollar,2004,Australian Dollar,AUD,0.695820081
1238,453.14,AUD/ha/yr,Australian Dollar,2006,Australian Dollar,AUD,0.737574261
1239,41055.63,AUD/ha/yr,Australian Dollar,2006,Australian Dollar,AUD,0.737574261
1240,34172.27,AUD/ha/yr,Australian Dollar,2006,Australian Dollar,AUD,0.737574261
1241,10923.83,AUD/ha/yr,Australian Dollar,2006,Australian Dollar,AUD,0.737574261
1242,2895.04,AUD/ha/yr,Australian Dollar,2006,Australian Dollar,AUD,0.737574261
1243,3608.91,AUD/ha/yr,Australian Dollar,2006,Australian Dollar,AUD,0.737574261
1244,543.04,AUD/ha/yr,Australian Dollar,2006,Australian Dollar,AUD,0.737574261
1245,417.17,AUD/ha/yr,Australian Dollar,2006,Australian Dollar,AUD,0.737574261
1246,17963.64,AUD/ha/yr,Australian Dollar,2006,Australian Dollar,AUD,0.737574261
1247,35208.01,AUD/ha/yr,Australian Dollar,2006,Australian Dollar,AUD,0.737574261
1248,15280.78,AUD/ha/yr,Australian Dollar,2006,Australian Dollar,AUD,0.737574261
1249,165.43,AUD/ha/yr,Australian Dollar,2006,Australian Dollar,AUD,0.737574261
30,61.41000475,CAD/ha/yr,Canadian Dollar,2005,Canadian Dollar,CAD,0.806592748
31,3227,CAD/ha/yr,Canadian Dollar,2005,Canadian Dollar,CAD,0.806592748
32,7.03,CAD/ha/yr,Canadian Dollar,2005,Canadian Dollar,CAD,0.806592748
33,0.076037771,CAD/ha/yr,Canadian Dollar,2005,Canadian Dollar,CAD,0.806592748
34,0.326466517,CAD/ha/yr,Canadian Dollar,2005,Canadian Dollar,CAD,0.806592748
35,22.31543277,CAD/ha/yr,Canadian Dollar,2005,Canadian Dollar,CAD,0.806592748
36,0.049589851,CAD/ha/yr,Canadian Dollar,2005,Canadian Dollar,CAD,0.806592748
37,571,CAD/ha/yr,Canadian Dollar,2005,Canadian Dollar,CAD,0.806592748
38,263,CAD/ha/yr,Canadian Dollar,2005,Canadian Dollar,CAD,0.806592748
39,5.04E-05,CAD/ha,Canadian Dollar,2005,Canadian Dollar,CAD,0.806592748
40,4.6,CAD/ha/yr,Canadian Dollar,2005,Canadian Dollar,CAD,0.806592748
41,926,CAD/ha/yr,Canadian Dollar,2005,Canadian Dollar,CAD,0.806592748
42,18.59619398,CAD/ha/yr,Canadian Dollar,2005,Canadian Dollar,CAD,0.806592748
248,3402,CAD/ha,Canadian Dollar,2005,Canadian Dollar,CAD,0.806592748
249,10989,CAD/ha,Canadian Dollar,2005,Canadian Dollar,CAD,0.806592748
250,8212,CAD/ha,Canadian Dollar,2005,Canadian Dollar,CAD,0.806592748
251,3.27,CAD/ha/yr,Canadian Dollar,2005,Canadian Dollar,CAD,0.806592748
252,23.96,CAD/ha/yr,Canadian Dollar,2005,Canadian Dollar,CAD,0.806592748
253,354.43,CAD/ha/yr,Canadian Dollar,2005,Canadian Dollar,CAD,0.806592748
1096,1500,CAD/ha,Canadian Dollar,2005,Canadian Dollar,CAD,0.806592748
1140,11.65983607,AUD/ha/yr,Australian Dollar,2007,Australian Dollar,AUD,0.839909478
572,325.66131,EUR/ha/yr,Euro,2002,Euro,EUR,0.943707666
573,2.5,EUR/ha/yr,Euro,2002,Euro,EUR,0.943707666
763,7570,EUR/ha/yr,Euro,2005,Euro,EUR,1.210680686
803,4373,EUR/ha/yr,Euro,2005,Euro,EUR,1.210680686
277,57.69230769,EUR/ha/yr,Euro,2004,Euro,EUR,1.213708272
278,2.692307692,EUR/ha/yr,Euro,2004,Euro,EUR,1.213708272
279,0.254615385,EUR/ha/yr,Euro,2004,Euro,EUR,1.213708272
280,7.369615385,EUR/ha/yr,Euro,2004,Euro,EUR,1.213708272
597,8068,EUR/ha/yr,Euro,2004,Euro,EUR,1.213708272
1222,10,EUR/ha/yr,Euro,2004,Euro,EUR,1.213708272
1223,18,EUR/ha/yr,Euro,2004,Euro,EUR,1.213708272
1224,2.3,EUR/ha/yr,Euro,2004,Euro,EUR,1.213708272
1225,0.15,EUR/ha/yr,Euro,2004,Euro,EUR,1.213708272
635,27,EUR/ha/yr,Euro,2006,Euro,EUR,1.261668765
636,99,EUR/ha/yr,Euro,2006,Euro,EUR,1.261668765
637,42.75,EUR/ha/yr,Euro,2006,Euro,EUR,1.261668765
638,121,EUR/ha/yr,Euro,2006,Euro,EUR,1.261668765
639,11.05,EUR/ha/yr,Euro,2006,Euro,EUR,1.261668765
640,500,EUR/ha/yr,Euro,2006,Euro,EUR,1.261668765
641,700,EUR/ha/yr,Euro,2006,Euro,EUR,1.261668765
642,70,EUR/ha/yr,Euro,2006,Euro,EUR,1.261668765
643,336.6,EUR/ha/yr,Euro,2006,Euro,EUR,1.261668765
644,42.75,EUR/ha/yr,Euro,2006,Euro,EUR,1.261668765
645,609.4,EUR/ha/yr,Euro,2006,Euro,EUR,1.261668765
646,170,EUR/ha/yr,Euro,2006,Euro,EUR,1.261668765
647,33.79,EUR/ha/yr,Euro,2006,Euro,EUR,1.261668765
648,0.180856,EUR/ha/yr,Euro,2006,Euro,EUR,1.261668765
548,61,EUR/ha/yr,Euro,1995,Euro,EUR,1.280325605
549,50,EUR/ha/yr,Euro,1995,Euro,EUR,1.280325605
550,101,EUR/ha/yr,Euro,1995,Euro,EUR,1.280325605
551,212,EUR/ha/yr,Euro,1995,Euro,EUR,1.280325605
552,374,EUR/ha/yr,Euro,1995,Euro,EUR,1.280325605
469,67.5,EUR/ha/yr,Euro,2007,Euro,EUR,1.336508987
470,28,EUR/ha/yr,Euro,2007,Euro,EUR,1.336508987
471,37,EUR/ha/yr,Euro,2007,Euro,EUR,1.336508987
472,12,EUR/ha/yr,Euro,2007,Euro,EUR,1.336508987
473,76.5,EUR/ha/yr,Euro,2007,Euro,EUR,1.336508987
474,30.5,EUR/ha/yr,Euro,2007,Euro,EUR,1.336508987
475,86,EUR/ha/yr,Euro,2007,Euro,EUR,1.336508987
476,110.5,EUR/ha/yr,Euro,2007,Euro,EUR,1.336508987
477,173,EUR/ha/yr,Euro,2007,Euro,EUR,1.336508987
478,70,EUR/ha/yr,Euro,2007,Euro,EUR,1.336508987
479,48,EUR/ha/yr,Euro,2007,Euro,EUR,1.336508987
480,39,EUR/ha/yr,Euro,2007,Euro,EUR,1.336508987
481,41,EUR/ha/yr,Euro,2007,Euro,EUR,1.336508987
482,54,EUR/ha/yr,Euro,2007,Euro,EUR,1.336508987
483,20,EUR/ha/yr,Euro,2007,Euro,EUR,1.336508987
800,84.8,GBP/ha,British Pound,2001,British Pound,GBP,1.404872347
801,2329,GBP/ha,British Pound,2001,British Pound,GBP,1.404872347
802,1400.8,GBP/ha,British Pound,2001,British Pound,GBP,1.404872347
1302,104,GBP/ha,British Pound,2001,British Pound,GBP,1.404872347
1304,2855,GBP/ha,British Pound,2001,British Pound,GBP,1.404872347
1305,1400,GBP/ha,British Pound,2001,British Pound,GBP,1.404872347
1350,400,GBP/yr,British Pound,2010,British Pound,GBP,1.482831621
1351,108,GBP/yr,British Pound,2010,British Pound,GBP,1.482831621
1352,240,GBP/yr,British Pound,2010,British Pound,GBP,1.482831621
1353,600,GBP/yr,British Pound,2010,British Pound,GBP,1.482831621
1354,828,GBP/yr,British Pound,2010,British Pound,GBP,1.482831621
1355,2147,GBP/yr,British Pound,2010,British Pound,GBP,1.482831621
1357,1450,GBP/yr,British Pound,2010,British Pound,GBP,1.482831621
1358,1618,GBP/yr,British Pound,2010,British Pound,GBP,1.482831621
1359,8599,GBP/yr,British Pound,2010,British Pound,GBP,1.482831621
1374,1300000000,GBP,British Pound,2010,British Pound,GBP,1.482831621
1375,8239000000,GBP,British Pound,2010,British Pound,GBP,1.482831621
1376,885000000,GBP,British Pound,2010,British Pound,GBP,1.482831621
1377,440000000,GBP,British Pound,2010,British Pound,GBP,1.482831621
1378,3400000000,GBP,British Pound,2010,British Pound,GBP,1.482831621
1379,453000000,GBP,British Pound,2010,British Pound,GBP,1.482831621
660,516371.8449,GBP/ha/yr,British Pound,2.00E+03,British Pound,GBP,1.509889608
661,1581511.686,GBP/ha/yr,British Pound,2.00E+03,British Pound,GBP,1.509889608
338,38598,EUR/ha/yr,Euro,2008,Euro,EUR,1.547097942
339,4129,EUR/ha/yr,Euro,2008,Euro,EUR,1.547097942
340,214,EUR/ha/yr,Euro,2008,Euro,EUR,1.547097942
341,5734,EUR/ha/yr,Euro,2008,Euro,EUR,1.547097942
342,4112,EUR/ha/yr,Euro,2008,Euro,EUR,1.547097942
343,5475,EUR/ha/yr,Euro,2008,Euro,EUR,1.547097942
1330,304000,GBP/yr,British Pound,2009,British Pound,GBP,1.626540028
1331,252519,GBP/yr,British Pound,2009,British Pound,GBP,1.626540028
1332,8269,GBP/yr,British Pound,2009,British Pound,GBP,1.626540028
1333,2511,GBP/yr,British Pound,2009,British Pound,GBP,1.626540028
1334,2455304,GBP/ha/yr,British Pound,2009,British Pound,GBP,1.626540028
1335,12500,GBP,British Pound,2009,British Pound,GBP,1.626540028
1336,7151,GBP/ha/yr,British Pound,2009,British Pound,GBP,1.626540028
1337,2511,GBP/yr,British Pound,2009,British Pound,GBP,1.626540028
1338,317966.25,GBP/yr,British Pound,2009,British Pound,GBP,1.626540028
1339,6269.64,GBP/yr,British Pound,2009,British Pound,GBP,1.626540028
1340,3301505.8,GBP/ha/yr,British Pound,2009,British Pound,GBP,1.626540028
1341,2339.088667,GBP/ha/yr,British Pound,2009,British Pound,GBP,1.626540028
1342,69114,GBP/yr,British Pound,2009,British Pound,GBP,1.626540028
1343,79.07091673,GBP/ha/yr,British Pound,2009,British Pound,GBP,1.626540028
1344,6.818181818,GBP/ha/yr,British Pound,2009,British Pound,GBP,1.626540028
1345,33.075,GBP/ha/yr,British Pound,2009,British Pound,GBP,1.626540028
1346,27863.63636,GBP/ha,British Pound,2009,British Pound,GBP,1.626540028
1347,374.6136364,GBP/ha/yr,British Pound,2009,British Pound,GBP,1.626540028
1348,48,GBP/ha/yr,British Pound,2009,British Pound,GBP,1.626540028
1349,1703.268182,GBP/ha/yr,British Pound,2009,British Pound,GBP,1.626540028
1227,7100,GBP/ha/yr,British Pound,2008,British Pound,GBP,1.963299261
1228,31.82382134,GBP/ha/yr,British Pound,2008,British Pound,GBP,1.963299261
1229,5.024813896,GBP/ha/yr,British Pound,2008,British Pound,GBP,1.963299261
1230,39.3,GBP/ha/yr,British Pound,2008,British Pound,GBP,1.963299261
1232,19.66501241,GBP/ha/yr,British Pound,2008,British Pound,GBP,1.963299261
1233,730.1488834,GBP/ha/yr,British Pound,2008,British Pound,GBP,1.963299261
1234,4.98,GBP/ha/yr,British Pound,2008,British Pound,GBP,1.963299261
1235,32013.9,GBP/ha,British Pound,2008,British Pound,GBP,1.963299261
1236,#REF!,GBP/ha,British Pound,2008,British Pound,GBP,1.963299261
1367,18010000,GBP,British Pound,2007,British Pound,GBP,1.976636682
1380,17.08051898,GBP/ha/yr,British Pound,2007,British Pound,GBP,1.976636682
1381,12.00252685,GBP/ha/yr,British Pound,2007,British Pound,GBP,1.976636682
1382,4.130424219,GBP/ha/yr,British Pound,2007,British Pound,GBP,1.976636682
536,18528.57143,DJF/ha/yr,Djibouti Franc,1998,Djiboutian Franc,NA,0.005813953
537,472.7142857,DJF/ha/yr,Djibouti Franc,1998,Djiboutian Franc,NA,0.005813953
538,88861.58886,DJF/ha/yr,Djibouti Franc,1998,Djiboutian Franc,NA,0.005813953
1283,369450,DJF/ha/yr,Djibouti Franc,1998,Djiboutian Franc,NA,0.005813953
1284,5100,DJF/ha/yr,Djibouti Franc,1998,Djiboutian Franc,NA,0.005813953
1285,21660,DJF/ha/yr,Djibouti Franc,1998,Djiboutian Franc,NA,0.005813953
1286,21700,DJF/ha/yr,Djibouti Franc,1998,Djiboutian Franc,NA,0.005813953
519,1166.690514,ERN/ha/yr,Eritrean nakfa,1998,Eritrean Nakfa,NA,0.10526316
520,103.372973,ERN/ha/yr,Eritrean nakfa,1998,Eritrean Nakfa,NA,0.10526316
521,3600,ERN/ha/yr,Eritrean nakfa,1998,Eritrean Nakfa,NA,0.10526316
1280,3.459459459,ERN/ha/yr,Eritrean nakfa,1998,Eritrean Nakfa,NA,0.10526316
1281,760.1464147,ERN/ha/yr,Eritrean nakfa,1998,Eritrean Nakfa,NA,0.10526316
1282,46.6,ERN/ha/yr,Eritrean nakfa,1998,Eritrean Nakfa,NA,0.10526316
1437,184.37,USD/ha/yr,Euro,1992,Euro,NA,1.31268
329,383000,ITL/ha/yr,Italian Lira,1997,Italian Lira,NA,0.000572895
810,179,NGN/ha/yr,Nigerian Naira,1991,Nigerian Naira,NA,0.083472454
811,21,NGN/ha/yr,Nigerian Naira,1991,Nigerian Naira,NA,0.083472454
1360,17552000,SVC,El Salvador Colon,1998,Salvadoran Colon,NA,0.1149425
1361,1581119000,SVC,El Salvador Colon,1998,Salvadoran Colon,NA,0.1149425
530,4030000,UGX/ha/yr,Uganda Shilling,1998,Ugandan Shilling,NA,0.000707764
531,1110000,UGX/ha/yr,Uganda Shilling,1998,Ugandan Shilling,NA,0.000707764
532,2720000,UGX/ha/yr,Uganda Shilling,1998,Ugandan Shilling,NA,0.000707764
533,2500000,UGX/ha/yr,Uganda Shilling,1998,Ugandan Shilling,NA,0.000707764
534,1100000,UGX/ha/yr,Uganda Shilling,1998,Ugandan Shilling,NA,0.000707764
1369,5565.217391,ATS/ha/yr,Austrian Schilling,1996,Ugandan Shilling,NA,0.000707764
1370,329.25,ATS/person/yr,Austrian Schilling,1996,Ugandan Shilling,NA,0.000707764
